	Gene Name	Gene Id	P‑Value SKATO	P‑Value Burden	P‑Value SKAT	BETA Burden	Burden Set	Chrom : Position	Chrom	Position	burden_FDR	skato_FDR	skat_FDR
0	ARF5	ENSG00000004059	4.02060052915e-05	0.0337307187674168	2.16393756882e-05	-0.0099344767486055	missense|LC	7127584084.0	7	127584084.0	0.9475002989597439	0.3620349746473117	0.23382211006127626
19403	SPIB	ENSG00000269404	1.81908286625e-05	3.35874859286e-05	1.29677885767e-05	-0.112947191648663	pLoF	19050413941.0	19	50413941.0	0.8675050621891166	0.3268590426887807	0.23382211006127626
19404	C17orf49	ENSG00000258315	2.25192408923e-05	0.0005936394875921	1.70352717261e-05	-0.0366923910963264	pLoF	17007009690.0	17	7009690.0	0.8675050621891166	0.3268590426887807	0.23382211006127626
19405	RNASEK-C17orf49	ENSG00000161939	3.02496013742e-05	0.0015099336775392	1.92154755291e-05	-0.0326606959117405	pLoF	17007009690.0	17	7009690.0	0.9129899668178103	0.3268590426887807	0.23382211006127626
37761	FPGT	ENSG00000254685	2.1558574031e-06	1.823479699e-06	0.0007051715531091	-0.0114772703475311	synonymous	1074198087.0	1	74198087.0	0.09851713769787299	0.1164745079172837	0.8071117176020102
37762	HSD17B14	ENSG00000087076	2.54331195308e-05	0.0018721531579994	1.40092037024e-05	0.0164768844756603	synonymous	19048808020.0	19	48808020.0	0.9129899668178103	0.3268590426887807	0.23382211006127626
