	Gene Name	Gene Id	P‑Value SKATO	P‑Value Burden	P‑Value SKAT	BETA Burden	Burden Set	Chrom : Position	Chrom	Position	burden_FDR	skato_FDR	skat_FDR
19403	C10orf90	ENSG00000154493	1.00890226942e-05	0.624348564715039	4.2355896678e-06	-0.001196001976482	pLoF	10126425781.0	10	126425781.0	0.9991078267986281	0.26642946204774537	0.2288362029822306
