	Gene Name	Gene Id	P‑Value SKATO	P‑Value Burden	P‑Value SKAT	BETA Burden	Burden Set	Chrom : Position	Chrom	Position	burden_FDR	skato_FDR	skat_FDR
0	ADAMTS6	ENSG00000049192	8.96253253723778e-07	2.45371510221304e-07	0.0074591331934311	-0.003587398248197	missense|LC	5065151775.0	5	65151775.0	0.006809795523171849	0.02487371655059601	0.4328401303765461
1	CPO	ENSG00000144410	1.884928333e-06	0.0079140632614005	6.55848053754404e-07	0.0036140889925627	missense|LC	2206939552.0	2	206939552.0	0.5764488505495857	0.034874944017165996	0.03640350207169195
19403	ANKRD12	ENSG00000101745	1.1529849419802e-13	5.27962488705363e-14	4.99451031583e-05	-0.0285407136835369	pLoF	18009134138.0	18	9134138.0	2.9305085898079876e-09	6.399758218955298e-09	0.1684705847108384
