	Gene Name	Gene Id	P‑Value SKATO	P‑Value Burden	P‑Value SKAT	BETA Burden	Burden Set	Chrom : Position	Chrom	Position	burden_FDR	skato_FDR	skat_FDR
0	CHEK2	ENSG00000183765	1.6000265126e-06	5.5738057325172e-07	0.000799318836665	0.0174799862068947	missense|LC	22028687869.0	22	28687869.0	0.005201661303109468	0.014931980757754065	0.7163325664655864
19403	BRCA2	ENSG00000139618	2.0877379328422501e-63	3.70076525088194e-53	6.57318571828146e-24	0.0833120562359281	pLoF	13032310603.0	13	32310603.0	2.0722064945788338e-48	1.1690079781156896e-58	3.680589611094521e-19
19404	BRCA1	ENSG00000012048	1.25464769273706e-33	2.4206239248168198e-26	4.47172404000881e-16	0.0983180090683399	pLoF	17043045552.0	17	43045552.0	6.777020802309651e-22	3.512637145355947e-29	8.346323863208444e-12
19405	CHEK2	ENSG00000183765	2.16342735075437e-18	8.16945090045855e-19	3.19736830324903e-17	0.0424752766793782	pLoF	22028687869.0	22	28687869.0	1.524800779067587e-14	4.037965035938006e-14	8.951672038606311e-13
19406	PALB2	ENSG00000083093	3.53590356287344e-14	1.97421679203699e-14	5.4660136420181795e-11	0.0587421051003047	pLoF	16023603411.0	16	23603411.0	2.763607376332981e-10	4.949734602488386e-10	7.65159919677915e-07
19407	ATM	ENSG00000149311	2.2927447711155996e-13	1.24046134899162e-11	4.1822287817e-06	0.0447532590963632	pLoF	11108222417.0	11	108222417.0	1.3891678555087353e-07	2.5675990142769374e-09	0.04683594368050196
19408	AFDN	ENSG00000130396	1.26919198486e-05	7.95090582856e-05	4.05428371863e-05	0.0978434364173665	pLoF	6167864490.0	6	167864490.0	0.4452030209643886	0.09061807411956008	0.2870939502972889
19409	BARD1	ENSG00000138376	1.29468263199e-05	6.2718630307e-06	0.0054086823881214	0.0529028865230083	pLoF	2214728603.0	2	214728603.0	0.05016952836300226	0.09061807411956008	0.7966869990666194
