	Gene Name	Gene Id	P‑Value SKATO	P‑Value Burden	P‑Value SKAT	BETA Burden	Burden Set	Chrom : Position	Chrom	Position	burden_FDR	skato_FDR	skat_FDR
0	ANKH	ENSG00000154122	2.32384000931063e-10	0.0002012831768396	1.56138943072384e-10	-0.0077797169954949	missense|LC	5014711150.0	5	14711150.0	0.5414508508191372	5.26848916833818e-06	4.347220453021315e-06
19403	GCK	ENSG00000106633	8.974787652502851e-25	9.20860528833246e-24	1.16596373733472e-13	0.177681248339761	pLoF	7044139451.0	7	44139451.0	5.127719768755046e-19	4.997520756419687e-20	6.492552474974655e-09
19404	HNF1A	ENSG00000135100	2.83842171988624e-10	3.2770844236366103e-10	0.0002892020436531	0.0946957997370611	pLoF	12120978750.0	12	120978750.0	9.12405845228905e-06	5.26848916833818e-06	0.3779625123222405
19405	GIGYF1	ENSG00000146830	6.05422743271689e-07	5.28409420663678e-07	0.0003258063463736	0.0633256307431738	pLoF	7100676229.0	7	100676229.0	0.009807983393412083	0.008428090009085181	0.3779625123222405
