	Gene Name	Gene Id	P‑Value SKATO	P‑Value Burden	P‑Value SKAT	BETA Burden	Burden Set	Chrom : Position	Chrom	Position	burden_FDR	skato_FDR	skat_FDR
0	PMP2	ENSG00000147588	3.1591731165e-06	3.128678785e-06	1.31471669959e-05	0.0106998297330225	missense|LC	8081443370.0	8	81443370.0	0.173194271501245	0.09453141556161601	0.18206195276711504
1	CHRNB2	ENSG00000160716	7.1175217106e-06	0.308543038965962	5.3469949401e-06	-0.0024732620848549	missense|LC	1154567952.0	1	154567952.0	0.988825053629851	0.13133488311122807	0.14799679944955785
2	MRPL3	ENSG00000114686	2.73509856253e-05	0.0060137905918652	1.31554782786e-05	-0.0050471224449208	missense|LC	3131462645.0	3	131462645.0	0.988825053629851	0.3046383901759398	0.18206195276711504
37761	NAPA	ENSG00000105402	3.415337376e-06	0.0029232822384526	2.0452406608e-06	0.0161928607012966	synonymous	19047483110.0	19	47483110.0	0.988825053629851	0.09453141556161601	0.11321838725990561
