	Gene Name	Gene Id	P‑Value SKATO	P‑Value Burden	P‑Value SKAT	BETA Burden	Burden Set	Chrom : Position	Chrom	Position	burden_FDR	skato_FDR	skat_FDR
0	TBX5	ENSG00000089225	1.05710540346989e-15	1.7493365826919401e-09	1.89409419866891e-16	0.005346165380603	missense|LC	12114355429.0	12	114355429.0	9.716864982220652e-05	5.871797674113851e-11	1.0520935635926328e-11
1	FHOD3	ENSG00000134775	4.88366347362046e-10	0.0201482316605314	2.23867034003709e-10	-0.0010438485989113	missense|LC	18036297836.0	18	36297836.0	0.7589327505039647	1.3563398565286103e-05	6.21745913538501e-06
19403	FLCN	ENSG00000154803	1.1302227557e-06	3.39193523934966e-07	0.0023785083363345	-0.0304742441897711	pLoF	17017213545.0	17	17213545.0	0.00942042174024581	0.01569483829702805	0.44112352682723
37761	USP43	ENSG00000154914	2.70089359766246e-08	3.3432983261e-06	1.9048398436361e-07	0.0024046214649361	synonymous	17009641680.0	17	9641680.0	0.04642671220538765	0.0005000794525858634	0.003526874465153694
