	Gene Name	Gene Id	P‑Value SKATO	P‑Value Burden	P‑Value SKAT	BETA Burden	Burden Set	Chrom : Position	Chrom	Position	burden_FDR	skato_FDR	skat_FDR
0	OCA2	ENSG00000104044	3.0175066889626102e-09	1.38052165254976e-08	7.55888030501417e-07	0.0135843923723445	missense|LC	15027755356.0	15	27755356.0	0.0003833018368304409	0.00016756214643809375	0.02580648256730211
1	MC1R	ENSG00000258839	1.49571880547761e-07	2.06740471964117e-07	1.29938121122e-05	0.0101909976077705	missense|LC	16089910510.0	16	89910510.0	0.0038267661360558056	0.0027685755089390564	0.132986545090059
19403	PTPN14	ENSG00000152104	4.97963675849533e-08	7.11376679785047e-09	5.50525274102e-05	0.090292275119356	pLoF	1214357849.0	1	214357849.0	0.0003833018368304409	0.0013825961459962286	0.339674094120934
